<?xml version="1.0" encoding="UTF-8"?>
<GenRun Id="lab2_pcadd_1_0_synth_1" LaunchPart="xc7a15tcpg236-1" LaunchTime="1530209432">
  <File Type="PA-TCL" Name="lab2_pcadd_1_0.tcl"/>
  <File Type="REPORTS-TCL" Name="lab2_pcadd_1_0_reports.tcl"/>
  <File Type="RDS-RDS" Name="lab2_pcadd_1_0.vds"/>
  <File Type="RDS-UTIL" Name="lab2_pcadd_1_0_utilization_synth.rpt"/>
  <File Type="RDS-UTIL-PB" Name="lab2_pcadd_1_0_utilization_synth.pb"/>
  <File Type="RDS-DCP" Name="lab2_pcadd_1_0.dcp"/>
  <FileSet Name="sources" Type="BlockSrcs" RelSrcDir="$PSRCDIR/lab2_pcadd_1_0">
    <File Path="$PSRCDIR/sources_1/bd/lab2/ip/lab2_pcadd_1_0/lab2_pcadd_1_0.xci">
      <FileInfo>
        <Attr Name="Library" Val="xil_defaultlib"/>
        <Attr Name="ImportPath" Val="$PPRDIR/../../../../Lab2.srcs/sources_1/bd/lab2/ip/lab2_pcadd_1_0/lab2_pcadd_1_0.xci"/>
        <Attr Name="ImportTime" Val="1529618101"/>
        <Attr Name="UsedIn" Val="synthesis"/>
        <Attr Name="UsedIn" Val="implementation"/>
        <Attr Name="UsedIn" Val="simulation"/>
        <Attr Name="ProcessingOrder" Val="EARLY"/>
      </FileInfo>
    </File>
    <Config>
      <Option Name="TopModule" Val="lab2_pcadd_1_0"/>
      <Option Name="UseBlackboxStub" Val="1"/>
    </Config>
  </FileSet>
  <FileSet Name="constrs_in" Type="BlockSrcs" RelSrcDir="$PSRCDIR/lab2_pcadd_1_0">
    <File Path="$PSRCDIR/sources_1/bd/lab2/ip/lab2_pcadd_1_0/lab2_pcadd_1_0.xci">
      <FileInfo>
        <Attr Name="Library" Val="xil_defaultlib"/>
        <Attr Name="ImportPath" Val="$PPRDIR/../../../../Lab2.srcs/sources_1/bd/lab2/ip/lab2_pcadd_1_0/lab2_pcadd_1_0.xci"/>
        <Attr Name="ImportTime" Val="1529618101"/>
        <Attr Name="UsedIn" Val="synthesis"/>
        <Attr Name="UsedIn" Val="implementation"/>
        <Attr Name="UsedIn" Val="simulation"/>
        <Attr Name="ProcessingOrder" Val="EARLY"/>
      </FileInfo>
    </File>
    <Config>
      <Option Name="TopModule" Val="lab2_pcadd_1_0"/>
      <Option Name="UseBlackboxStub" Val="1"/>
    </Config>
  </FileSet>
  <Strategy Version="1" Minor="2">
    <StratHandle Name="Vivado Synthesis Defaults" Flow="Vivado Synthesis 2018"/>
    <Step Id="synth_design"/>
  </Strategy>
</GenRun>
