<?xml version="1.0" encoding="UTF-8"?>
<GenRun Id="synth_1" LaunchPart="xc7a35tcpg236-1" LaunchTime="1528405589">
  <File Type="PA-TCL" Name="alu32.tcl"/>
  <File Type="REPORTS-TCL" Name="alu32_reports.tcl"/>
  <File Type="RDS-RDS" Name="alu32.vds"/>
  <File Type="RDS-UTIL" Name="alu32_utilization_synth.rpt"/>
  <File Type="RDS-UTIL-PB" Name="alu32_utilization_synth.pb"/>
  <File Type="RDS-DCP" Name="alu32.dcp"/>
  <FileSet Name="sources" Type="DesignSrcs" RelSrcDir="$PSRCDIR/sources_1">
    <Filter Type="Srcs"/>
    <File Path="$PSRCDIR/sources_1/new/alu32.vhd">
      <FileInfo>
        <Attr Name="ImportPath" Val="$PPRDIR/../../../../../../../../Documents/School/ECE 445 Lab/Lab1ALU/Lab1ALU.srcs/sources_1/new/alu32.vhd"/>
        <Attr Name="ImportTime" Val="1528406263"/>
        <Attr Name="UsedIn" Val="synthesis"/>
        <Attr Name="UsedIn" Val="simulation"/>
      </FileInfo>
    </File>
    <Config>
      <Option Name="DesignMode" Val="RTL"/>
      <Option Name="TopModule" Val="alu32"/>
      <Option Name="TopAutoSet" Val="TRUE"/>
    </Config>
  </FileSet>
  <FileSet Name="constrs_in" Type="Constrs" RelSrcDir="$PSRCDIR/constrs_1">
    <Filter Type="Constrs"/>
    <Config>
      <Option Name="ConstrsType" Val="XDC"/>
    </Config>
  </FileSet>
  <Strategy Version="1" Minor="2">
    <StratHandle Name="Vivado Synthesis Defaults" Flow="Vivado Synthesis 2018"/>
    <Step Id="synth_design"/>
  </Strategy>
</GenRun>
