<?xml version="1.0" encoding="UTF-8"?>
<GenRun Id="impl_1" LaunchPart="xc7a35tcpg236-1" LaunchTime="1530049027">
  <File Type="ROUTE-PWR" Name="TopLevel_comp_power_routed.rpt"/>
  <File Type="PA-TCL" Name="TopLevel_comp.tcl"/>
  <File Type="PWROPT-DCP" Name="TopLevel_comp_pwropt.dcp"/>
  <File Type="ROUTE-PWR-SUM" Name="TopLevel_comp_power_summary_routed.pb"/>
  <File Type="REPORTS-TCL" Name="TopLevel_comp_reports.tcl"/>
  <File Type="BG-DRC" Name="TopLevel_comp.drc"/>
  <File Type="OPT-HWDEF" Name="TopLevel_comp.hwdef"/>
  <File Type="OPT-DCP" Name="TopLevel_comp_opt.dcp"/>
  <File Type="OPT-DRC" Name="TopLevel_comp_drc_opted.rpt"/>
  <File Type="PLACE-DCP" Name="TopLevel_comp_placed.dcp"/>
  <File Type="PLACE-IO" Name="TopLevel_comp_io_placed.rpt"/>
  <File Type="PLACE-UTIL" Name="TopLevel_comp_utilization_placed.rpt"/>
  <File Type="PLACE-UTIL-PB" Name="TopLevel_comp_utilization_placed.pb"/>
  <File Type="PLACE-CTRL" Name="TopLevel_comp_control_sets_placed.rpt"/>
  <File Type="PLACE-PRE-SIMILARITY" Name="TopLevel_comp_incremental_reuse_pre_placed.rpt"/>
  <File Type="POSTPLACE-PWROPT-DCP" Name="TopLevel_comp_postplace_pwropt.dcp"/>
  <File Type="PHYSOPT-DCP" Name="TopLevel_comp_physopt.dcp"/>
  <File Type="BG-BIT" Name="TopLevel_comp.bit"/>
  <File Type="ROUTE-ERROR-DCP" Name="TopLevel_comp_routed_error.dcp"/>
  <File Type="ROUTE-DCP" Name="TopLevel_comp_routed.dcp"/>
  <File Type="ROUTE-BLACKBOX-DCP" Name="TopLevel_comp_routed_bb.dcp"/>
  <File Type="ROUTE-DRC" Name="TopLevel_comp_drc_routed.rpt"/>
  <File Type="ROUTE-DRC-PB" Name="TopLevel_comp_drc_routed.pb"/>
  <File Type="ROUTE-DRC-RPX" Name="TopLevel_comp_drc_routed.rpx"/>
  <File Type="BITSTR-MSK" Name="TopLevel_comp.msk"/>
  <File Type="ROUTE-METHODOLOGY-DRC" Name="TopLevel_comp_methodology_drc_routed.rpt"/>
  <File Type="BG-BGN" Name="TopLevel_comp.bgn"/>
  <File Type="ROUTE-METHODOLOGY-DRC-RPX" Name="TopLevel_comp_methodology_drc_routed.rpx"/>
  <File Type="BITSTR-RBT" Name="TopLevel_comp.rbt"/>
  <File Type="ROUTE-METHODOLOGY-DRC-PB" Name="TopLevel_comp_methodology_drc_routed.pb"/>
  <File Type="BG-BIN" Name="TopLevel_comp.bin"/>
  <File Type="ROUTE-PWR-RPX" Name="TopLevel_comp_power_routed.rpx"/>
  <File Type="ROUTE-STATUS" Name="TopLevel_comp_route_status.rpt"/>
  <File Type="ROUTE-STATUS-PB" Name="TopLevel_comp_route_status.pb"/>
  <File Type="ROUTE-TIMINGSUMMARY" Name="TopLevel_comp_timing_summary_routed.rpt"/>
  <File Type="ROUTE-TIMING-PB" Name="TopLevel_comp_timing_summary_routed.pb"/>
  <File Type="ROUTE-TIMING-RPX" Name="TopLevel_comp_timing_summary_routed.rpx"/>
  <File Type="ROUTE-CLK" Name="TopLevel_comp_clock_utilization_routed.rpt"/>
  <File Type="RDI-RDI" Name="TopLevel_comp.vdi"/>
  <File Type="POSTROUTE-PHYSOPT-DCP" Name="TopLevel_comp_postroute_physopt.dcp"/>
  <File Type="POSTROUTE-PHYSOPT-BLACKBOX-DCP" Name="TopLevel_comp_postroute_physopt_bb.dcp"/>
  <File Type="BITSTR-NKY" Name="TopLevel_comp.nky"/>
  <File Type="BITSTR-BMM" Name="TopLevel_comp_bd.bmm"/>
  <File Type="BITSTR-MMI" Name="TopLevel_comp.mmi"/>
  <File Type="BITSTR-LTX" Name="TopLevel_comp.ltx"/>
  <File Type="BITSTR-SYSDEF" Name="TopLevel_comp.sysdef"/>
  <File Type="WBT-USG" Name="usage_statistics_webtalk.html"/>
  <FileSet Name="sources" Type="DesignSrcs" RelSrcDir="$PSRCDIR/sources_1">
    <Filter Type="Srcs"/>
    <File Path="$PSRCDIR/sources_1/imports/ece445labs/Lab 2/pc.vhd">
      <FileInfo>
        <Attr Name="ImportPath" Val="$PPRDIR/../../../../../../../../ECE445Labs/ece445labs/Lab 2/pc.vhd"/>
        <Attr Name="ImportTime" Val="1530045589"/>
        <Attr Name="UsedIn" Val="synthesis"/>
        <Attr Name="UsedIn" Val="simulation"/>
      </FileInfo>
    </File>
    <File Path="$PSRCDIR/sources_1/imports/ece445labs/Lab 2/pcadd.vhd">
      <FileInfo>
        <Attr Name="ImportPath" Val="$PPRDIR/../../../../../../../../ECE445Labs/ece445labs/Lab 2/pcadd.vhd"/>
        <Attr Name="ImportTime" Val="1529435451"/>
        <Attr Name="UsedIn" Val="synthesis"/>
        <Attr Name="UsedIn" Val="simulation"/>
      </FileInfo>
    </File>
    <File Path="$PSRCDIR/sources_1/imports/ece445labs/Lab 2/control.vhd">
      <FileInfo>
        <Attr Name="ImportPath" Val="$PPRDIR/../../../../../../../../ECE445Labs/ece445labs/Lab 2/control.vhd"/>
        <Attr Name="ImportTime" Val="1529618100"/>
        <Attr Name="UsedIn" Val="synthesis"/>
        <Attr Name="UsedIn" Val="simulation"/>
      </FileInfo>
    </File>
    <File Path="$PSRCDIR/sources_1/imports/ece445labs/Lab 2/alu.vhd">
      <FileInfo>
        <Attr Name="ImportPath" Val="$PPRDIR/../../../../../../../../ECE445Labs/ece445labs/Lab 2/alu.vhd"/>
        <Attr Name="ImportTime" Val="1529618100"/>
        <Attr Name="UsedIn" Val="synthesis"/>
        <Attr Name="UsedIn" Val="simulation"/>
      </FileInfo>
    </File>
    <File Path="$PSRCDIR/sources_1/imports/ece445labs/Lab 2/regfile.vhd">
      <FileInfo>
        <Attr Name="ImportPath" Val="$PPRDIR/../../../../../../../../ECE445Labs/ece445labs/Lab 2/regfile.vhd"/>
        <Attr Name="ImportTime" Val="1529014151"/>
        <Attr Name="UsedIn" Val="synthesis"/>
        <Attr Name="UsedIn" Val="simulation"/>
      </FileInfo>
    </File>
    <File Path="$PSRCDIR/sources_1/imports/ece445labs/Lab 2/ALUcntl.vhd">
      <FileInfo>
        <Attr Name="ImportPath" Val="$PPRDIR/../../../../../../../../ECE445Labs/ece445labs/Lab 2/ALUcntl.vhd"/>
        <Attr Name="ImportTime" Val="1529618100"/>
        <Attr Name="UsedIn" Val="synthesis"/>
        <Attr Name="UsedIn" Val="simulation"/>
      </FileInfo>
    </File>
    <File Path="$PSRCDIR/sources_1/new/buffer.vhd">
      <FileInfo>
        <Attr Name="ImportPath" Val="$PPRDIR/../../../../../../../../Documents/School/ECE 445 Lab/Lab2/Lab2.srcs/sources_1/new/buffer.vhd"/>
        <Attr Name="ImportTime" Val="1529615857"/>
        <Attr Name="UsedIn" Val="synthesis"/>
        <Attr Name="UsedIn" Val="simulation"/>
      </FileInfo>
    </File>
    <File Path="$PSRCDIR/sources_1/imports/ece445labs/Lab 2/instmem.vhd">
      <FileInfo>
        <Attr Name="ImportPath" Val="$PPRDIR/../../../../../../../../ECE445Labs/ece445labs/Lab 2/instmem.vhd"/>
        <Attr Name="ImportTime" Val="1529014151"/>
        <Attr Name="UsedIn" Val="synthesis"/>
        <Attr Name="UsedIn" Val="simulation"/>
      </FileInfo>
    </File>
    <File Path="$PSRCDIR/sources_1/bd/lab2/lab2.bd">
      <FileInfo>
        <Attr Name="ImportPath" Val="$PPRDIR/../../../../../../../../Documents/School/ECE 445 Lab/Lab2/Lab2.srcs/sources_1/bd/lab2/lab2.bd"/>
        <Attr Name="ImportTime" Val="1530050240"/>
        <Attr Name="UsedIn" Val="synthesis"/>
        <Attr Name="UsedIn" Val="implementation"/>
        <Attr Name="UsedIn" Val="simulation"/>
      </FileInfo>
    </File>
    <File Path="$PSRCDIR/sources_1/bd/lab2/hdl/lab2_wrapper.vhd">
      <FileInfo>
        <Attr Name="ImportPath" Val="$PPRDIR/../../../../../../../../Documents/School/ECE 445 Lab/Lab2/Lab2.srcs/sources_1/bd/lab2/hdl/lab2_wrapper.vhd"/>
        <Attr Name="ImportTime" Val="1530050241"/>
        <Attr Name="UsedIn" Val="synthesis"/>
        <Attr Name="UsedIn" Val="simulation"/>
      </FileInfo>
    </File>
    <File Path="$PSRCDIR/sources_1/imports/ece445labs/Lab 3/toplevel.vhd">
      <FileInfo>
        <Attr Name="ImportPath" Val="$PPRDIR/../../../../../../../../ECE445Labs/ece445labs/Lab 3/toplevel.vhd"/>
        <Attr Name="ImportTime" Val="1530045589"/>
        <Attr Name="UsedIn" Val="synthesis"/>
        <Attr Name="UsedIn" Val="simulation"/>
      </FileInfo>
    </File>
    <File Path="$PSRCDIR/sources_1/imports/ece445labs/Lab 3/instmemtask3.vhd">
      <FileInfo>
        <Attr Name="AutoDisabled" Val="1"/>
        <Attr Name="ImportPath" Val="$PPRDIR/../../../../../../../../ECE445Labs/ece445labs/Lab 3/instmemtask3.vhd"/>
        <Attr Name="ImportTime" Val="1530045736"/>
        <Attr Name="UsedIn" Val="synthesis"/>
        <Attr Name="UsedIn" Val="simulation"/>
      </FileInfo>
    </File>
    <Config>
      <Option Name="DesignMode" Val="RTL"/>
      <Option Name="TopModule" Val="TopLevel_comp"/>
      <Option Name="TopAutoSet" Val="TRUE"/>
    </Config>
  </FileSet>
  <FileSet Name="constrs_in" Type="Constrs" RelSrcDir="$PSRCDIR/constrs_1">
    <Filter Type="Constrs"/>
    <File Path="$PSRCDIR/constrs_1/imports/Lab 3/mips.xdc">
      <FileInfo>
        <Attr Name="ImportPath" Val="$PPRDIR/../../../../../../../../ECE445Labs/ece445labs/Lab 3/mips.xdc"/>
        <Attr Name="ImportTime" Val="1530046578"/>
        <Attr Name="UsedIn" Val="synthesis"/>
        <Attr Name="UsedIn" Val="implementation"/>
      </FileInfo>
    </File>
    <Config>
      <Option Name="ConstrsType" Val="XDC"/>
    </Config>
  </FileSet>
  <Strategy Version="1" Minor="2">
    <StratHandle Name="Vivado Implementation Defaults" Flow="Vivado Implementation 2018"/>
    <Step Id="init_design"/>
    <Step Id="opt_design"/>
    <Step Id="power_opt_design"/>
    <Step Id="place_design"/>
    <Step Id="post_place_power_opt_design"/>
    <Step Id="phys_opt_design"/>
    <Step Id="route_design"/>
    <Step Id="post_route_phys_opt_design"/>
    <Step Id="write_bitstream"/>
  </Strategy>
  <BlockFileSet Type="BlockSrcs" Name="lab2_instmem_0_0"/>
  <BlockFileSet Type="BlockSrcs" Name="lab2_pcadd_1_0"/>
  <BlockFileSet Type="BlockSrcs" Name="lab2_xlslice_0_1"/>
  <BlockFileSet Type="BlockSrcs" Name="lab2_regfile_0_0"/>
  <BlockFileSet Type="BlockSrcs" Name="lab2_xlslice_0_2"/>
  <BlockFileSet Type="BlockSrcs" Name="lab2_xlslice_0_0"/>
  <BlockFileSet Type="BlockSrcs" Name="lab2_xlslice_0_3"/>
  <BlockFileSet Type="BlockSrcs" Name="lab2_xlslice_0_4"/>
  <BlockFileSet Type="BlockSrcs" Name="lab2_ALU_0_0"/>
  <BlockFileSet Type="BlockSrcs" Name="lab2_buffer32_0_1"/>
  <BlockFileSet Type="BlockSrcs" Name="lab2_control_0_0"/>
  <BlockFileSet Type="BlockSrcs" Name="lab2_ALUcntl_0_0"/>
  <BlockFileSet Type="BlockSrcs" Name="lab2_pc_0_1"/>
</GenRun>
