<?xml version="1.0" encoding="UTF-8"?>
<GenRun Id="synth_1" LaunchPart="xc7a35tcpg236-1" LaunchTime="1532112949">
  <File Type="PA-TCL" Name="TopLevel_comp.tcl"/>
  <File Type="REPORTS-TCL" Name="TopLevel_comp_reports.tcl"/>
  <File Type="RDS-RDS" Name="TopLevel_comp.vds"/>
  <File Type="RDS-UTIL" Name="TopLevel_comp_utilization_synth.rpt"/>
  <File Type="RDS-UTIL-PB" Name="TopLevel_comp_utilization_synth.pb"/>
  <File Type="RDS-DCP" Name="TopLevel_comp.dcp"/>
  <FileSet Name="sources" Type="DesignSrcs" RelSrcDir="$PSRCDIR/sources_1">
    <Filter Type="Srcs"/>
    <File Path="$PSRCDIR/sources_1/imports/ece445labs/Lab 2/control.vhd">
      <FileInfo>
        <Attr Name="ImportPath" Val="$PPRDIR/../../../../../../../../ECE445Labs/ece445labs/Lab 2/control.vhd"/>
        <Attr Name="ImportTime" Val="1532039322"/>
        <Attr Name="UsedIn" Val="synthesis"/>
        <Attr Name="UsedIn" Val="simulation"/>
      </FileInfo>
    </File>
    <File Path="$PSRCDIR/sources_1/imports/ece445labs/Lab 2/pc.vhd">
      <FileInfo>
        <Attr Name="ImportPath" Val="$PPRDIR/../../../../../../../../ECE445Labs/ece445labs/Lab 2/pc.vhd"/>
        <Attr Name="ImportTime" Val="1531853620"/>
        <Attr Name="UsedIn" Val="synthesis"/>
        <Attr Name="UsedIn" Val="simulation"/>
      </FileInfo>
    </File>
    <File Path="$PSRCDIR/sources_1/imports/ece445labs/Lab 2/pcadd.vhd">
      <FileInfo>
        <Attr Name="ImportPath" Val="$PPRDIR/../../../../../../../../ECE445Labs/ece445labs/Lab 2/pcadd.vhd"/>
        <Attr Name="ImportTime" Val="1529435451"/>
        <Attr Name="UsedIn" Val="synthesis"/>
        <Attr Name="UsedIn" Val="simulation"/>
      </FileInfo>
    </File>
    <File Path="$PSRCDIR/sources_1/imports/ece445labs/Lab 4/shiftleft2bit.vhd">
      <FileInfo>
        <Attr Name="ImportPath" Val="$PPRDIR/../../../../../../../../ECE445Labs/ece445labs/Lab 4/shiftleft2bit.vhd"/>
        <Attr Name="ImportTime" Val="1531264978"/>
        <Attr Name="UsedIn" Val="synthesis"/>
        <Attr Name="UsedIn" Val="simulation"/>
      </FileInfo>
    </File>
    <File Path="$PSRCDIR/sources_1/imports/ece445labs/Lab 5/instmem.vhd">
      <FileInfo>
        <Attr Name="ImportPath" Val="$PPRDIR/../../../../../../../../ECE445Labs/ece445labs/Lab 5/instmem.vhd"/>
        <Attr Name="ImportTime" Val="1531859608"/>
        <Attr Name="UsedIn" Val="synthesis"/>
        <Attr Name="UsedIn" Val="simulation"/>
      </FileInfo>
    </File>
    <File Path="$PSRCDIR/sources_1/imports/ece445labs/Lab 5/datamem.vhd">
      <FileInfo>
        <Attr Name="ImportPath" Val="$PPRDIR/../../../../../../../../ECE445Labs/ece445labs/Lab 5/datamem.vhd"/>
        <Attr Name="ImportTime" Val="1531859607"/>
        <Attr Name="UsedIn" Val="synthesis"/>
        <Attr Name="UsedIn" Val="simulation"/>
      </FileInfo>
    </File>
    <File Path="$PSRCDIR/sources_1/imports/ece445labs/Lab 2/ALUcntl.vhd">
      <FileInfo>
        <Attr Name="ImportPath" Val="$PPRDIR/../../../../../../../../ECE445Labs/ece445labs/Lab 2/ALUcntl.vhd"/>
        <Attr Name="ImportTime" Val="1531860434"/>
        <Attr Name="UsedIn" Val="synthesis"/>
        <Attr Name="UsedIn" Val="simulation"/>
      </FileInfo>
    </File>
    <File Path="$PSRCDIR/sources_1/imports/ece445labs/Lab 4/add.vhd">
      <FileInfo>
        <Attr Name="ImportPath" Val="$PPRDIR/../../../../../../../../ECE445Labs/ece445labs/Lab 4/add.vhd"/>
        <Attr Name="ImportTime" Val="1531264978"/>
        <Attr Name="UsedIn" Val="synthesis"/>
        <Attr Name="UsedIn" Val="simulation"/>
      </FileInfo>
    </File>
    <File Path="$PSRCDIR/sources_1/imports/ece445labs/Lab 4/alu.vhd">
      <FileInfo>
        <Attr Name="ImportPath" Val="$PPRDIR/../../../../../../../../ECE445Labs/ece445labs/Lab 4/alu.vhd"/>
        <Attr Name="ImportTime" Val="1531264978"/>
        <Attr Name="UsedIn" Val="synthesis"/>
        <Attr Name="UsedIn" Val="simulation"/>
      </FileInfo>
    </File>
    <File Path="$PSRCDIR/sources_1/imports/ece445labs/Lab 4/mux2x1.vhd">
      <FileInfo>
        <Attr Name="ImportPath" Val="$PPRDIR/../../../../../../../../ECE445Labs/ece445labs/Lab 4/mux2x1.vhd"/>
        <Attr Name="ImportTime" Val="1531264978"/>
        <Attr Name="UsedIn" Val="synthesis"/>
        <Attr Name="UsedIn" Val="simulation"/>
      </FileInfo>
    </File>
    <File Path="$PSRCDIR/sources_1/imports/ece445labs/Lab 4/signext.vhd">
      <FileInfo>
        <Attr Name="ImportPath" Val="$PPRDIR/../../../../../../../../ECE445Labs/ece445labs/Lab 4/signext.vhd"/>
        <Attr Name="ImportTime" Val="1531264978"/>
        <Attr Name="UsedIn" Val="synthesis"/>
        <Attr Name="UsedIn" Val="simulation"/>
      </FileInfo>
    </File>
    <File Path="$PSRCDIR/sources_1/imports/ece445labs/Lab 4/mux2x15bit.vhd">
      <FileInfo>
        <Attr Name="ImportPath" Val="$PPRDIR/../../../../../../../../ECE445Labs/ece445labs/Lab 4/mux2x15bit.vhd"/>
        <Attr Name="ImportTime" Val="1531264978"/>
        <Attr Name="UsedIn" Val="synthesis"/>
        <Attr Name="UsedIn" Val="simulation"/>
      </FileInfo>
    </File>
    <File Path="$PSRCDIR/sources_1/imports/ece445labs/Lab 4/regfile.vhd">
      <FileInfo>
        <Attr Name="ImportPath" Val="$PPRDIR/../../../../../../../../ECE445Labs/ece445labs/Lab 4/regfile.vhd"/>
        <Attr Name="ImportTime" Val="1531264978"/>
        <Attr Name="UsedIn" Val="synthesis"/>
        <Attr Name="UsedIn" Val="simulation"/>
      </FileInfo>
    </File>
    <File Path="$PSRCDIR/sources_1/imports/ece445labs/Lab 5/shiftleft2bit28.vhd">
      <FileInfo>
        <Attr Name="ImportPath" Val="$PPRDIR/../../../../../../../../ECE445Labs/ece445labs/Lab 5/shiftleft2bit28.vhd"/>
        <Attr Name="ImportTime" Val="1531863298"/>
        <Attr Name="UsedIn" Val="synthesis"/>
        <Attr Name="UsedIn" Val="simulation"/>
      </FileInfo>
    </File>
    <File Path="$PSRCDIR/sources_1/imports/ece445labs/Lab 4/bneflip.vhd">
      <FileInfo>
        <Attr Name="ImportPath" Val="$PPRDIR/../../../../../../../../ECE445Labs/ece445labs/Lab 4/bneflip.vhd"/>
        <Attr Name="ImportTime" Val="1531794894"/>
        <Attr Name="UsedIn" Val="synthesis"/>
        <Attr Name="UsedIn" Val="simulation"/>
      </FileInfo>
    </File>
    <File Path="$PSRCDIR/sources_1/imports/ece445labs/Lab 4/orgate.vhd">
      <FileInfo>
        <Attr Name="ImportPath" Val="$PPRDIR/../../../../../../../../ECE445Labs/ece445labs/Lab 4/orgate.vhd"/>
        <Attr Name="ImportTime" Val="1531794894"/>
        <Attr Name="UsedIn" Val="synthesis"/>
        <Attr Name="UsedIn" Val="simulation"/>
      </FileInfo>
    </File>
    <File Path="$PSRCDIR/sources_1/imports/ece445labs/Lab 5/jumpmulti.vhd">
      <FileInfo>
        <Attr Name="ImportPath" Val="$PPRDIR/../../../../../../../../ECE445Labs/ece445labs/Lab 5/jumpmulti.vhd"/>
        <Attr Name="ImportTime" Val="1531864409"/>
        <Attr Name="UsedIn" Val="synthesis"/>
        <Attr Name="UsedIn" Val="simulation"/>
      </FileInfo>
    </File>
    <File Path="$PSRCDIR/sources_1/bd/lab5/lab5.bd">
      <FileInfo>
        <Attr Name="ImportPath" Val="$PPRDIR/../../../../../../../../Documents/School/ECE 445 Lab/Lab5/Lab5.srcs/sources_1/bd/lab5/lab5.bd"/>
        <Attr Name="ImportTime" Val="1532040790"/>
        <Attr Name="UsedIn" Val="synthesis"/>
        <Attr Name="UsedIn" Val="implementation"/>
        <Attr Name="UsedIn" Val="simulation"/>
      </FileInfo>
    </File>
    <File Path="$PSRCDIR/sources_1/bd/lab5/hdl/lab5_wrapper.vhd">
      <FileInfo>
        <Attr Name="ImportPath" Val="$PPRDIR/../../../../../../../../Documents/School/ECE 445 Lab/Lab5/Lab5.srcs/sources_1/bd/lab5/hdl/lab5_wrapper.vhd"/>
        <Attr Name="ImportTime" Val="1532040790"/>
        <Attr Name="UsedIn" Val="synthesis"/>
        <Attr Name="UsedIn" Val="simulation"/>
      </FileInfo>
    </File>
    <File Path="$PSRCDIR/sources_1/imports/ece445labs/Lab 5/toplevel.vhd">
      <FileInfo>
        <Attr Name="ImportPath" Val="$PPRDIR/../../../../../../../../ECE445Labs/ece445labs/Lab 5/toplevel.vhd"/>
        <Attr Name="ImportTime" Val="1532112134"/>
        <Attr Name="UsedIn" Val="synthesis"/>
        <Attr Name="UsedIn" Val="simulation"/>
      </FileInfo>
    </File>
    <Config>
      <Option Name="DesignMode" Val="RTL"/>
      <Option Name="TopModule" Val="TopLevel_comp"/>
    </Config>
  </FileSet>
  <FileSet Name="constrs_in" Type="Constrs" RelSrcDir="$PSRCDIR/constrs_1">
    <Filter Type="Constrs"/>
    <File Path="$PSRCDIR/constrs_1/imports/Lab 3/mips.xdc">
      <FileInfo>
        <Attr Name="ImportPath" Val="$PPRDIR/../../../../../../../../ECE445Labs/ece445labs/Lab 3/mips.xdc"/>
        <Attr Name="ImportTime" Val="1530210209"/>
        <Attr Name="UsedIn" Val="synthesis"/>
        <Attr Name="UsedIn" Val="implementation"/>
      </FileInfo>
    </File>
    <Config>
      <Option Name="ConstrsType" Val="XDC"/>
    </Config>
  </FileSet>
  <Strategy Version="1" Minor="2">
    <StratHandle Name="Vivado Synthesis Defaults" Flow="Vivado Synthesis 2018"/>
    <Step Id="synth_design"/>
  </Strategy>
  <BlockFileSet Type="BlockSrcs" Name="lab5_mux2x15bit_0_0"/>
  <BlockFileSet Type="BlockSrcs" Name="lab5_add_0_0"/>
  <BlockFileSet Type="BlockSrcs" Name="lab5_pc_0_0"/>
  <BlockFileSet Type="BlockSrcs" Name="lab5_xlslice_0_3"/>
  <BlockFileSet Type="BlockSrcs" Name="lab5_pcadd_0_0"/>
  <BlockFileSet Type="BlockSrcs" Name="lab5_xlslice_0_0"/>
  <BlockFileSet Type="BlockSrcs" Name="lab5_xlslice_0_6"/>
  <BlockFileSet Type="BlockSrcs" Name="lab5_shiftleft2bit_0_0"/>
  <BlockFileSet Type="BlockSrcs" Name="lab5_xlslice_0_1"/>
  <BlockFileSet Type="BlockSrcs" Name="lab5_instmem_0_0"/>
  <BlockFileSet Type="BlockSrcs" Name="lab5_datamem_0_0"/>
  <BlockFileSet Type="BlockSrcs" Name="lab5_jumpmulti_0_0"/>
  <BlockFileSet Type="BlockSrcs" Name="lab5_xlslice_0_2"/>
  <BlockFileSet Type="BlockSrcs" Name="lab5_xlslice_0_4"/>
  <BlockFileSet Type="BlockSrcs" Name="lab5_andgate_0_0"/>
  <BlockFileSet Type="BlockSrcs" Name="lab5_xlslice_0_5"/>
  <BlockFileSet Type="BlockSrcs" Name="lab5_ALUcntl_0_0"/>
  <BlockFileSet Type="BlockSrcs" Name="lab5_ALU_0_0"/>
  <BlockFileSet Type="BlockSrcs" Name="lab5_shiftleft2bit28_0_0"/>
  <BlockFileSet Type="BlockSrcs" Name="lab5_mux2x132bit_0_0"/>
  <BlockFileSet Type="BlockSrcs" Name="lab5_signext_0_0"/>
  <BlockFileSet Type="BlockSrcs" Name="lab5_mux2x132bit_0_1"/>
  <BlockFileSet Type="BlockSrcs" Name="lab5_regfile_0_0"/>
  <BlockFileSet Type="BlockSrcs" Name="lab5_mux2x132bit_0_3"/>
  <BlockFileSet Type="BlockSrcs" Name="lab5_xlconcat_0_0"/>
  <BlockFileSet Type="BlockSrcs" Name="lab5_xlslice_0_7"/>
  <BlockFileSet Type="BlockSrcs" Name="lab5_bneflip_0_0"/>
  <BlockFileSet Type="BlockSrcs" Name="lab5_control_0_0"/>
</GenRun>
