<?xml version="1.0" encoding="UTF-8"?>
<GenRun Id="impl_1" LaunchPart="xc7a35tcpg236-1" LaunchTime="1532112950">
  <File Type="ROUTE-PWR" Name="TopLevel_comp_power_routed.rpt"/>
  <File Type="PA-TCL" Name="TopLevel_comp.tcl"/>
  <File Type="PWROPT-DCP" Name="TopLevel_comp_pwropt.dcp"/>
  <File Type="ROUTE-PWR-SUM" Name="TopLevel_comp_power_summary_routed.pb"/>
  <File Type="REPORTS-TCL" Name="TopLevel_comp_reports.tcl"/>
  <File Type="BG-DRC" Name="TopLevel_comp.drc"/>
  <File Type="OPT-HWDEF" Name="TopLevel_comp.hwdef"/>
  <File Type="OPT-DCP" Name="TopLevel_comp_opt.dcp"/>
  <File Type="OPT-DRC" Name="TopLevel_comp_drc_opted.rpt"/>
  <File Type="PLACE-DCP" Name="TopLevel_comp_placed.dcp"/>
  <File Type="PLACE-IO" Name="TopLevel_comp_io_placed.rpt"/>
  <File Type="PLACE-UTIL" Name="TopLevel_comp_utilization_placed.rpt"/>
  <File Type="PLACE-UTIL-PB" Name="TopLevel_comp_utilization_placed.pb"/>
  <File Type="PLACE-CTRL" Name="TopLevel_comp_control_sets_placed.rpt"/>
  <File Type="PLACE-PRE-SIMILARITY" Name="TopLevel_comp_incremental_reuse_pre_placed.rpt"/>
  <File Type="POSTPLACE-PWROPT-DCP" Name="TopLevel_comp_postplace_pwropt.dcp"/>
  <File Type="PHYSOPT-DCP" Name="TopLevel_comp_physopt.dcp"/>
  <File Type="BG-BIT" Name="TopLevel_comp.bit"/>
  <File Type="ROUTE-ERROR-DCP" Name="TopLevel_comp_routed_error.dcp"/>
  <File Type="ROUTE-DCP" Name="TopLevel_comp_routed.dcp"/>
  <File Type="ROUTE-BLACKBOX-DCP" Name="TopLevel_comp_routed_bb.dcp"/>
  <File Type="ROUTE-DRC" Name="TopLevel_comp_drc_routed.rpt"/>
  <File Type="ROUTE-DRC-PB" Name="TopLevel_comp_drc_routed.pb"/>
  <File Type="ROUTE-DRC-RPX" Name="TopLevel_comp_drc_routed.rpx"/>
  <File Type="BITSTR-MSK" Name="TopLevel_comp.msk"/>
  <File Type="ROUTE-METHODOLOGY-DRC" Name="TopLevel_comp_methodology_drc_routed.rpt"/>
  <File Type="BG-BGN" Name="TopLevel_comp.bgn"/>
  <File Type="ROUTE-METHODOLOGY-DRC-RPX" Name="TopLevel_comp_methodology_drc_routed.rpx"/>
  <File Type="BITSTR-RBT" Name="TopLevel_comp.rbt"/>
  <File Type="ROUTE-METHODOLOGY-DRC-PB" Name="TopLevel_comp_methodology_drc_routed.pb"/>
  <File Type="BG-BIN" Name="TopLevel_comp.bin"/>
  <File Type="ROUTE-PWR-RPX" Name="TopLevel_comp_power_routed.rpx"/>
  <File Type="ROUTE-STATUS" Name="TopLevel_comp_route_status.rpt"/>
  <File Type="ROUTE-STATUS-PB" Name="TopLevel_comp_route_status.pb"/>
  <File Type="ROUTE-TIMINGSUMMARY" Name="TopLevel_comp_timing_summary_routed.rpt"/>
  <File Type="ROUTE-TIMING-PB" Name="TopLevel_comp_timing_summary_routed.pb"/>
  <File Type="ROUTE-TIMING-RPX" Name="TopLevel_comp_timing_summary_routed.rpx"/>
  <File Type="ROUTE-CLK" Name="TopLevel_comp_clock_utilization_routed.rpt"/>
  <File Type="RDI-RDI" Name="TopLevel_comp.vdi"/>
  <File Type="POSTROUTE-PHYSOPT-DCP" Name="TopLevel_comp_postroute_physopt.dcp"/>
  <File Type="POSTROUTE-PHYSOPT-BLACKBOX-DCP" Name="TopLevel_comp_postroute_physopt_bb.dcp"/>
  <File Type="BITSTR-NKY" Name="TopLevel_comp.nky"/>
  <File Type="BITSTR-BMM" Name="TopLevel_comp_bd.bmm"/>
  <File Type="BITSTR-MMI" Name="TopLevel_comp.mmi"/>
  <File Type="BITSTR-LTX" Name="TopLevel_comp.ltx"/>
  <File Type="BITSTR-SYSDEF" Name="TopLevel_comp.sysdef"/>
  <File Type="WBT-USG" Name="usage_statistics_webtalk.html"/>
  <FileSet Name="sources" Type="DesignSrcs" RelSrcDir="$PSRCDIR/sources_1">
    <Filter Type="Srcs"/>
    <File Path="$PSRCDIR/sources_1/imports/ece445labs/Lab 2/control.vhd">
      <FileInfo>
        <Attr Name="ImportPath" Val="$PPRDIR/../../../../../../../../ECE445Labs/ece445labs/Lab 2/control.vhd"/>
        <Attr Name="ImportTime" Val="1532039322"/>
        <Attr Name="UsedIn" Val="synthesis"/>
        <Attr Name="UsedIn" Val="simulation"/>
      </FileInfo>
    </File>
    <File Path="$PSRCDIR/sources_1/imports/ece445labs/Lab 2/pc.vhd">
      <FileInfo>
        <Attr Name="ImportPath" Val="$PPRDIR/../../../../../../../../ECE445Labs/ece445labs/Lab 2/pc.vhd"/>
        <Attr Name="ImportTime" Val="1531853620"/>
        <Attr Name="UsedIn" Val="synthesis"/>
        <Attr Name="UsedIn" Val="simulation"/>
      </FileInfo>
    </File>
    <File Path="$PSRCDIR/sources_1/imports/ece445labs/Lab 2/pcadd.vhd">
      <FileInfo>
        <Attr Name="ImportPath" Val="$PPRDIR/../../../../../../../../ECE445Labs/ece445labs/Lab 2/pcadd.vhd"/>
        <Attr Name="ImportTime" Val="1529435451"/>
        <Attr Name="UsedIn" Val="synthesis"/>
        <Attr Name="UsedIn" Val="simulation"/>
      </FileInfo>
    </File>
    <File Path="$PSRCDIR/sources_1/imports/ece445labs/Lab 4/shiftleft2bit.vhd">
      <FileInfo>
        <Attr Name="ImportPath" Val="$PPRDIR/../../../../../../../../ECE445Labs/ece445labs/Lab 4/shiftleft2bit.vhd"/>
        <Attr Name="ImportTime" Val="1531264978"/>
        <Attr Name="UsedIn" Val="synthesis"/>
        <Attr Name="UsedIn" Val="simulation"/>
      </FileInfo>
    </File>
    <File Path="$PSRCDIR/sources_1/imports/ece445labs/Lab 5/instmem.vhd">
      <FileInfo>
        <Attr Name="ImportPath" Val="$PPRDIR/../../../../../../../../ECE445Labs/ece445labs/Lab 5/instmem.vhd"/>
        <Attr Name="ImportTime" Val="1531859608"/>
        <Attr Name="UsedIn" Val="synthesis"/>
        <Attr Name="UsedIn" Val="simulation"/>
      </FileInfo>
    </File>
    <File Path="$PSRCDIR/sources_1/imports/ece445labs/Lab 5/datamem.vhd">
      <FileInfo>
        <Attr Name="ImportPath" Val="$PPRDIR/../../../../../../../../ECE445Labs/ece445labs/Lab 5/datamem.vhd"/>
        <Attr Name="ImportTime" Val="1531859607"/>
        <Attr Name="UsedIn" Val="synthesis"/>
        <Attr Name="UsedIn" Val="simulation"/>
      </FileInfo>
    </File>
    <File Path="$PSRCDIR/sources_1/imports/ece445labs/Lab 2/ALUcntl.vhd">
      <FileInfo>
        <Attr Name="ImportPath" Val="$PPRDIR/../../../../../../../../ECE445Labs/ece445labs/Lab 2/ALUcntl.vhd"/>
        <Attr Name="ImportTime" Val="1531860434"/>
        <Attr Name="UsedIn" Val="synthesis"/>
        <Attr Name="UsedIn" Val="simulation"/>
      </FileInfo>
    </File>
    <File Path="$PSRCDIR/sources_1/imports/ece445labs/Lab 4/add.vhd">
      <FileInfo>
        <Attr Name="ImportPath" Val="$PPRDIR/../../../../../../../../ECE445Labs/ece445labs/Lab 4/add.vhd"/>
        <Attr Name="ImportTime" Val="1531264978"/>
        <Attr Name="UsedIn" Val="synthesis"/>
        <Attr Name="UsedIn" Val="simulation"/>
      </FileInfo>
    </File>
    <File Path="$PSRCDIR/sources_1/imports/ece445labs/Lab 4/alu.vhd">
      <FileInfo>
        <Attr Name="ImportPath" Val="$PPRDIR/../../../../../../../../ECE445Labs/ece445labs/Lab 4/alu.vhd"/>
        <Attr Name="ImportTime" Val="1531264978"/>
        <Attr Name="UsedIn" Val="synthesis"/>
        <Attr Name="UsedIn" Val="simulation"/>
      </FileInfo>
    </File>
    <File Path="$PSRCDIR/sources_1/imports/ece445labs/Lab 4/mux2x1.vhd">
      <FileInfo>
        <Attr Name="ImportPath" Val="$PPRDIR/../../../../../../../../ECE445Labs/ece445labs/Lab 4/mux2x1.vhd"/>
        <Attr Name="ImportTime" Val="1531264978"/>
        <Attr Name="UsedIn" Val="synthesis"/>
        <Attr Name="UsedIn" Val="simulation"/>
      </FileInfo>
    </File>
    <File Path="$PSRCDIR/sources_1/imports/ece445labs/Lab 4/signext.vhd">
      <FileInfo>
        <Attr Name="ImportPath" Val="$PPRDIR/../../../../../../../../ECE445Labs/ece445labs/Lab 4/signext.vhd"/>
        <Attr Name="ImportTime" Val="1531264978"/>
        <Attr Name="UsedIn" Val="synthesis"/>
        <Attr Name="UsedIn" Val="simulation"/>
      </FileInfo>
    </File>
    <File Path="$PSRCDIR/sources_1/imports/ece445labs/Lab 4/mux2x15bit.vhd">
      <FileInfo>
        <Attr Name="ImportPath" Val="$PPRDIR/../../../../../../../../ECE445Labs/ece445labs/Lab 4/mux2x15bit.vhd"/>
        <Attr Name="ImportTime" Val="1531264978"/>
        <Attr Name="UsedIn" Val="synthesis"/>
        <Attr Name="UsedIn" Val="simulation"/>
      </FileInfo>
    </File>
    <File Path="$PSRCDIR/sources_1/imports/ece445labs/Lab 4/regfile.vhd">
      <FileInfo>
        <Attr Name="ImportPath" Val="$PPRDIR/../../../../../../../../ECE445Labs/ece445labs/Lab 4/regfile.vhd"/>
        <Attr Name="ImportTime" Val="1531264978"/>
        <Attr Name="UsedIn" Val="synthesis"/>
        <Attr Name="UsedIn" Val="simulation"/>
      </FileInfo>
    </File>
    <File Path="$PSRCDIR/sources_1/imports/ece445labs/Lab 5/shiftleft2bit28.vhd">
      <FileInfo>
        <Attr Name="ImportPath" Val="$PPRDIR/../../../../../../../../ECE445Labs/ece445labs/Lab 5/shiftleft2bit28.vhd"/>
        <Attr Name="ImportTime" Val="1531863298"/>
        <Attr Name="UsedIn" Val="synthesis"/>
        <Attr Name="UsedIn" Val="simulation"/>
      </FileInfo>
    </File>
    <File Path="$PSRCDIR/sources_1/imports/ece445labs/Lab 4/bneflip.vhd">
      <FileInfo>
        <Attr Name="ImportPath" Val="$PPRDIR/../../../../../../../../ECE445Labs/ece445labs/Lab 4/bneflip.vhd"/>
        <Attr Name="ImportTime" Val="1531794894"/>
        <Attr Name="UsedIn" Val="synthesis"/>
        <Attr Name="UsedIn" Val="simulation"/>
      </FileInfo>
    </File>
    <File Path="$PSRCDIR/sources_1/imports/ece445labs/Lab 4/orgate.vhd">
      <FileInfo>
        <Attr Name="ImportPath" Val="$PPRDIR/../../../../../../../../ECE445Labs/ece445labs/Lab 4/orgate.vhd"/>
        <Attr Name="ImportTime" Val="1531794894"/>
        <Attr Name="UsedIn" Val="synthesis"/>
        <Attr Name="UsedIn" Val="simulation"/>
      </FileInfo>
    </File>
    <File Path="$PSRCDIR/sources_1/imports/ece445labs/Lab 5/jumpmulti.vhd">
      <FileInfo>
        <Attr Name="ImportPath" Val="$PPRDIR/../../../../../../../../ECE445Labs/ece445labs/Lab 5/jumpmulti.vhd"/>
        <Attr Name="ImportTime" Val="1531864409"/>
        <Attr Name="UsedIn" Val="synthesis"/>
        <Attr Name="UsedIn" Val="simulation"/>
      </FileInfo>
    </File>
    <File Path="$PSRCDIR/sources_1/bd/lab5/lab5.bd">
      <FileInfo>
        <Attr Name="ImportPath" Val="$PPRDIR/../../../../../../../../Documents/School/ECE 445 Lab/Lab5/Lab5.srcs/sources_1/bd/lab5/lab5.bd"/>
        <Attr Name="ImportTime" Val="1532040790"/>
        <Attr Name="UsedIn" Val="synthesis"/>
        <Attr Name="UsedIn" Val="implementation"/>
        <Attr Name="UsedIn" Val="simulation"/>
      </FileInfo>
    </File>
    <File Path="$PSRCDIR/sources_1/bd/lab5/hdl/lab5_wrapper.vhd">
      <FileInfo>
        <Attr Name="ImportPath" Val="$PPRDIR/../../../../../../../../Documents/School/ECE 445 Lab/Lab5/Lab5.srcs/sources_1/bd/lab5/hdl/lab5_wrapper.vhd"/>
        <Attr Name="ImportTime" Val="1532040790"/>
        <Attr Name="UsedIn" Val="synthesis"/>
        <Attr Name="UsedIn" Val="simulation"/>
      </FileInfo>
    </File>
    <File Path="$PSRCDIR/sources_1/imports/ece445labs/Lab 5/toplevel.vhd">
      <FileInfo>
        <Attr Name="ImportPath" Val="$PPRDIR/../../../../../../../../ECE445Labs/ece445labs/Lab 5/toplevel.vhd"/>
        <Attr Name="ImportTime" Val="1532112134"/>
        <Attr Name="UsedIn" Val="synthesis"/>
        <Attr Name="UsedIn" Val="simulation"/>
      </FileInfo>
    </File>
    <Config>
      <Option Name="DesignMode" Val="RTL"/>
      <Option Name="TopModule" Val="TopLevel_comp"/>
    </Config>
  </FileSet>
  <FileSet Name="constrs_in" Type="Constrs" RelSrcDir="$PSRCDIR/constrs_1">
    <Filter Type="Constrs"/>
    <File Path="$PSRCDIR/constrs_1/imports/Lab 3/mips.xdc">
      <FileInfo>
        <Attr Name="ImportPath" Val="$PPRDIR/../../../../../../../../ECE445Labs/ece445labs/Lab 3/mips.xdc"/>
        <Attr Name="ImportTime" Val="1530210209"/>
        <Attr Name="UsedIn" Val="synthesis"/>
        <Attr Name="UsedIn" Val="implementation"/>
      </FileInfo>
    </File>
    <Config>
      <Option Name="ConstrsType" Val="XDC"/>
    </Config>
  </FileSet>
  <Strategy Version="1" Minor="2">
    <StratHandle Name="Vivado Implementation Defaults" Flow="Vivado Implementation 2018"/>
    <Step Id="init_design"/>
    <Step Id="opt_design"/>
    <Step Id="power_opt_design"/>
    <Step Id="place_design"/>
    <Step Id="post_place_power_opt_design"/>
    <Step Id="phys_opt_design"/>
    <Step Id="route_design"/>
    <Step Id="post_route_phys_opt_design"/>
    <Step Id="write_bitstream"/>
  </Strategy>
  <BlockFileSet Type="BlockSrcs" Name="lab5_mux2x15bit_0_0"/>
  <BlockFileSet Type="BlockSrcs" Name="lab5_add_0_0"/>
  <BlockFileSet Type="BlockSrcs" Name="lab5_pc_0_0"/>
  <BlockFileSet Type="BlockSrcs" Name="lab5_xlslice_0_3"/>
  <BlockFileSet Type="BlockSrcs" Name="lab5_pcadd_0_0"/>
  <BlockFileSet Type="BlockSrcs" Name="lab5_xlslice_0_0"/>
  <BlockFileSet Type="BlockSrcs" Name="lab5_xlslice_0_6"/>
  <BlockFileSet Type="BlockSrcs" Name="lab5_shiftleft2bit_0_0"/>
  <BlockFileSet Type="BlockSrcs" Name="lab5_xlslice_0_1"/>
  <BlockFileSet Type="BlockSrcs" Name="lab5_instmem_0_0"/>
  <BlockFileSet Type="BlockSrcs" Name="lab5_datamem_0_0"/>
  <BlockFileSet Type="BlockSrcs" Name="lab5_jumpmulti_0_0"/>
  <BlockFileSet Type="BlockSrcs" Name="lab5_xlslice_0_2"/>
  <BlockFileSet Type="BlockSrcs" Name="lab5_xlslice_0_4"/>
  <BlockFileSet Type="BlockSrcs" Name="lab5_andgate_0_0"/>
  <BlockFileSet Type="BlockSrcs" Name="lab5_xlslice_0_5"/>
  <BlockFileSet Type="BlockSrcs" Name="lab5_ALUcntl_0_0"/>
  <BlockFileSet Type="BlockSrcs" Name="lab5_ALU_0_0"/>
  <BlockFileSet Type="BlockSrcs" Name="lab5_shiftleft2bit28_0_0"/>
  <BlockFileSet Type="BlockSrcs" Name="lab5_mux2x132bit_0_0"/>
  <BlockFileSet Type="BlockSrcs" Name="lab5_signext_0_0"/>
  <BlockFileSet Type="BlockSrcs" Name="lab5_mux2x132bit_0_1"/>
  <BlockFileSet Type="BlockSrcs" Name="lab5_regfile_0_0"/>
  <BlockFileSet Type="BlockSrcs" Name="lab5_mux2x132bit_0_3"/>
  <BlockFileSet Type="BlockSrcs" Name="lab5_xlconcat_0_0"/>
  <BlockFileSet Type="BlockSrcs" Name="lab5_xlslice_0_7"/>
  <BlockFileSet Type="BlockSrcs" Name="lab5_bneflip_0_0"/>
  <BlockFileSet Type="BlockSrcs" Name="lab5_control_0_0"/>
</GenRun>
