<?xml version="1.0" encoding="UTF-8"?>
<GenRun Id="synth_1" LaunchPart="xc7a35tcpg236-1" LaunchTime="1530049027">
  <File Type="PA-TCL" Name="TopLevel_comp.tcl"/>
  <File Type="REPORTS-TCL" Name="TopLevel_comp_reports.tcl"/>
  <File Type="RDS-RDS" Name="TopLevel_comp.vds"/>
  <File Type="RDS-UTIL" Name="TopLevel_comp_utilization_synth.rpt"/>
  <File Type="RDS-UTIL-PB" Name="TopLevel_comp_utilization_synth.pb"/>
  <File Type="RDS-DCP" Name="TopLevel_comp.dcp"/>
  <FileSet Name="sources" Type="DesignSrcs" RelSrcDir="$PSRCDIR/sources_1">
    <Filter Type="Srcs"/>
    <File Path="$PSRCDIR/sources_1/imports/ece445labs/Lab 2/pc.vhd">
      <FileInfo>
        <Attr Name="ImportPath" Val="$PPRDIR/../../../../../../../../ECE445Labs/ece445labs/Lab 2/pc.vhd"/>
        <Attr Name="ImportTime" Val="1530045589"/>
        <Attr Name="UsedIn" Val="synthesis"/>
        <Attr Name="UsedIn" Val="simulation"/>
      </FileInfo>
    </File>
    <File Path="$PSRCDIR/sources_1/imports/ece445labs/Lab 2/pcadd.vhd">
      <FileInfo>
        <Attr Name="ImportPath" Val="$PPRDIR/../../../../../../../../ECE445Labs/ece445labs/Lab 2/pcadd.vhd"/>
        <Attr Name="ImportTime" Val="1529435451"/>
        <Attr Name="UsedIn" Val="synthesis"/>
        <Attr Name="UsedIn" Val="simulation"/>
      </FileInfo>
    </File>
    <File Path="$PSRCDIR/sources_1/imports/ece445labs/Lab 2/control.vhd">
      <FileInfo>
        <Attr Name="ImportPath" Val="$PPRDIR/../../../../../../../../ECE445Labs/ece445labs/Lab 2/control.vhd"/>
        <Attr Name="ImportTime" Val="1529618100"/>
        <Attr Name="UsedIn" Val="synthesis"/>
        <Attr Name="UsedIn" Val="simulation"/>
      </FileInfo>
    </File>
    <File Path="$PSRCDIR/sources_1/imports/ece445labs/Lab 2/alu.vhd">
      <FileInfo>
        <Attr Name="ImportPath" Val="$PPRDIR/../../../../../../../../ECE445Labs/ece445labs/Lab 2/alu.vhd"/>
        <Attr Name="ImportTime" Val="1529618100"/>
        <Attr Name="UsedIn" Val="synthesis"/>
        <Attr Name="UsedIn" Val="simulation"/>
      </FileInfo>
    </File>
    <File Path="$PSRCDIR/sources_1/imports/ece445labs/Lab 2/regfile.vhd">
      <FileInfo>
        <Attr Name="ImportPath" Val="$PPRDIR/../../../../../../../../ECE445Labs/ece445labs/Lab 2/regfile.vhd"/>
        <Attr Name="ImportTime" Val="1529014151"/>
        <Attr Name="UsedIn" Val="synthesis"/>
        <Attr Name="UsedIn" Val="simulation"/>
      </FileInfo>
    </File>
    <File Path="$PSRCDIR/sources_1/imports/ece445labs/Lab 2/ALUcntl.vhd">
      <FileInfo>
        <Attr Name="ImportPath" Val="$PPRDIR/../../../../../../../../ECE445Labs/ece445labs/Lab 2/ALUcntl.vhd"/>
        <Attr Name="ImportTime" Val="1529618100"/>
        <Attr Name="UsedIn" Val="synthesis"/>
        <Attr Name="UsedIn" Val="simulation"/>
      </FileInfo>
    </File>
    <File Path="$PSRCDIR/sources_1/new/buffer.vhd">
      <FileInfo>
        <Attr Name="ImportPath" Val="$PPRDIR/../../../../../../../../Documents/School/ECE 445 Lab/Lab2/Lab2.srcs/sources_1/new/buffer.vhd"/>
        <Attr Name="ImportTime" Val="1529615857"/>
        <Attr Name="UsedIn" Val="synthesis"/>
        <Attr Name="UsedIn" Val="simulation"/>
      </FileInfo>
    </File>
    <File Path="$PSRCDIR/sources_1/imports/ece445labs/Lab 2/instmem.vhd">
      <FileInfo>
        <Attr Name="ImportPath" Val="$PPRDIR/../../../../../../../../ECE445Labs/ece445labs/Lab 2/instmem.vhd"/>
        <Attr Name="ImportTime" Val="1529014151"/>
        <Attr Name="UsedIn" Val="synthesis"/>
        <Attr Name="UsedIn" Val="simulation"/>
      </FileInfo>
    </File>
    <File Path="$PSRCDIR/sources_1/bd/lab2/lab2.bd">
      <FileInfo>
        <Attr Name="ImportPath" Val="$PPRDIR/../../../../../../../../Documents/School/ECE 445 Lab/Lab2/Lab2.srcs/sources_1/bd/lab2/lab2.bd"/>
        <Attr Name="ImportTime" Val="1530050240"/>
        <Attr Name="UsedIn" Val="synthesis"/>
        <Attr Name="UsedIn" Val="implementation"/>
        <Attr Name="UsedIn" Val="simulation"/>
      </FileInfo>
    </File>
    <File Path="$PSRCDIR/sources_1/bd/lab2/hdl/lab2_wrapper.vhd">
      <FileInfo>
        <Attr Name="ImportPath" Val="$PPRDIR/../../../../../../../../Documents/School/ECE 445 Lab/Lab2/Lab2.srcs/sources_1/bd/lab2/hdl/lab2_wrapper.vhd"/>
        <Attr Name="ImportTime" Val="1530050241"/>
        <Attr Name="UsedIn" Val="synthesis"/>
        <Attr Name="UsedIn" Val="simulation"/>
      </FileInfo>
    </File>
    <File Path="$PSRCDIR/sources_1/imports/ece445labs/Lab 3/toplevel.vhd">
      <FileInfo>
        <Attr Name="ImportPath" Val="$PPRDIR/../../../../../../../../ECE445Labs/ece445labs/Lab 3/toplevel.vhd"/>
        <Attr Name="ImportTime" Val="1530045589"/>
        <Attr Name="UsedIn" Val="synthesis"/>
        <Attr Name="UsedIn" Val="simulation"/>
      </FileInfo>
    </File>
    <File Path="$PSRCDIR/sources_1/imports/ece445labs/Lab 3/instmemtask3.vhd">
      <FileInfo>
        <Attr Name="AutoDisabled" Val="1"/>
        <Attr Name="ImportPath" Val="$PPRDIR/../../../../../../../../ECE445Labs/ece445labs/Lab 3/instmemtask3.vhd"/>
        <Attr Name="ImportTime" Val="1530045736"/>
        <Attr Name="UsedIn" Val="synthesis"/>
        <Attr Name="UsedIn" Val="simulation"/>
      </FileInfo>
    </File>
    <Config>
      <Option Name="DesignMode" Val="RTL"/>
      <Option Name="TopModule" Val="TopLevel_comp"/>
      <Option Name="TopAutoSet" Val="TRUE"/>
    </Config>
  </FileSet>
  <FileSet Name="constrs_in" Type="Constrs" RelSrcDir="$PSRCDIR/constrs_1">
    <Filter Type="Constrs"/>
    <File Path="$PSRCDIR/constrs_1/imports/Lab 3/mips.xdc">
      <FileInfo>
        <Attr Name="ImportPath" Val="$PPRDIR/../../../../../../../../ECE445Labs/ece445labs/Lab 3/mips.xdc"/>
        <Attr Name="ImportTime" Val="1530046578"/>
        <Attr Name="UsedIn" Val="synthesis"/>
        <Attr Name="UsedIn" Val="implementation"/>
      </FileInfo>
    </File>
    <Config>
      <Option Name="ConstrsType" Val="XDC"/>
    </Config>
  </FileSet>
  <Strategy Version="1" Minor="2">
    <StratHandle Name="Vivado Synthesis Defaults" Flow="Vivado Synthesis 2018"/>
    <Step Id="synth_design"/>
  </Strategy>
  <BlockFileSet Type="BlockSrcs" Name="lab2_instmem_0_0"/>
  <BlockFileSet Type="BlockSrcs" Name="lab2_pcadd_1_0"/>
  <BlockFileSet Type="BlockSrcs" Name="lab2_xlslice_0_1"/>
  <BlockFileSet Type="BlockSrcs" Name="lab2_regfile_0_0"/>
  <BlockFileSet Type="BlockSrcs" Name="lab2_xlslice_0_2"/>
  <BlockFileSet Type="BlockSrcs" Name="lab2_xlslice_0_0"/>
  <BlockFileSet Type="BlockSrcs" Name="lab2_xlslice_0_3"/>
  <BlockFileSet Type="BlockSrcs" Name="lab2_xlslice_0_4"/>
  <BlockFileSet Type="BlockSrcs" Name="lab2_ALU_0_0"/>
  <BlockFileSet Type="BlockSrcs" Name="lab2_buffer32_0_1"/>
  <BlockFileSet Type="BlockSrcs" Name="lab2_control_0_0"/>
  <BlockFileSet Type="BlockSrcs" Name="lab2_ALUcntl_0_0"/>
  <BlockFileSet Type="BlockSrcs" Name="lab2_pc_0_1"/>
</GenRun>
