<?xml version="1.0" encoding="UTF-8"?>
<GenRun Id="lab5_xlslice_0_3_synth_1" LaunchPart="xc7a35tcpg236-1" LaunchTime="1532033551">
  <File Type="PA-TCL" Name="lab5_xlslice_0_3.tcl"/>
  <File Type="REPORTS-TCL" Name="lab5_xlslice_0_3_reports.tcl"/>
  <File Type="RDS-RDS" Name="lab5_xlslice_0_3.vds"/>
  <File Type="RDS-UTIL" Name="lab5_xlslice_0_3_utilization_synth.rpt"/>
  <File Type="RDS-UTIL-PB" Name="lab5_xlslice_0_3_utilization_synth.pb"/>
  <File Type="RDS-DCP" Name="lab5_xlslice_0_3.dcp"/>
  <FileSet Name="sources" Type="BlockSrcs" RelSrcDir="$PSRCDIR/lab5_xlslice_0_3">
    <File Path="$PSRCDIR/sources_1/bd/lab5/ip/lab5_xlslice_0_3/lab5_xlslice_0_3.xci">
      <FileInfo>
        <Attr Name="Library" Val="xil_defaultlib"/>
        <Attr Name="ImportPath" Val="$PPRDIR/../../../../../../../../Documents/School/ECE 445 Lab/Lab5/Lab5.srcs/sources_1/bd/lab5/ip/lab5_xlslice_0_3/lab5_xlslice_0_3.xci"/>
        <Attr Name="ImportTime" Val="1531862384"/>
        <Attr Name="UsedIn" Val="synthesis"/>
        <Attr Name="UsedIn" Val="implementation"/>
        <Attr Name="UsedIn" Val="simulation"/>
        <Attr Name="ProcessingOrder" Val="EARLY"/>
      </FileInfo>
    </File>
    <Config>
      <Option Name="TopModule" Val="lab5_xlslice_0_3"/>
      <Option Name="UseBlackboxStub" Val="1"/>
    </Config>
  </FileSet>
  <FileSet Name="constrs_in" Type="BlockSrcs" RelSrcDir="$PSRCDIR/lab5_xlslice_0_3">
    <File Path="$PSRCDIR/sources_1/bd/lab5/ip/lab5_xlslice_0_3/lab5_xlslice_0_3.xci">
      <FileInfo>
        <Attr Name="Library" Val="xil_defaultlib"/>
        <Attr Name="ImportPath" Val="$PPRDIR/../../../../../../../../Documents/School/ECE 445 Lab/Lab5/Lab5.srcs/sources_1/bd/lab5/ip/lab5_xlslice_0_3/lab5_xlslice_0_3.xci"/>
        <Attr Name="ImportTime" Val="1531862384"/>
        <Attr Name="UsedIn" Val="synthesis"/>
        <Attr Name="UsedIn" Val="implementation"/>
        <Attr Name="UsedIn" Val="simulation"/>
        <Attr Name="ProcessingOrder" Val="EARLY"/>
      </FileInfo>
    </File>
    <Config>
      <Option Name="TopModule" Val="lab5_xlslice_0_3"/>
      <Option Name="UseBlackboxStub" Val="1"/>
    </Config>
  </FileSet>
  <Strategy Version="1" Minor="2">
    <StratHandle Name="Vivado Synthesis Defaults" Flow="Vivado Synthesis 2018"/>
    <Step Id="synth_design"/>
  </Strategy>
</GenRun>
