<?xml version="1.0" encoding="UTF-8"?>
<GenRun Id="lab2_xlslice_0_1_synth_1" LaunchPart="xc7a35tcpg236-1" LaunchTime="1530049019">
  <File Type="PA-TCL" Name="lab2_xlslice_0_1.tcl"/>
  <File Type="REPORTS-TCL" Name="lab2_xlslice_0_1_reports.tcl"/>
  <File Type="RDS-RDS" Name="lab2_xlslice_0_1.vds"/>
  <File Type="RDS-DCP" Name="lab2_xlslice_0_1.dcp"/>
  <FileSet Name="sources" Type="BlockSrcs" RelSrcDir="$PSRCDIR/lab2_xlslice_0_1">
    <File Path="$PSRCDIR/sources_1/bd/lab2/ip/lab2_xlslice_0_1/lab2_xlslice_0_1.xci">
      <FileInfo>
        <Attr Name="Library" Val="xil_defaultlib"/>
        <Attr Name="ImportPath" Val="$PPRDIR/../../../../../../../../Documents/School/ECE 445 Lab/Lab2/Lab2.srcs/sources_1/bd/lab2/ip/lab2_xlslice_0_1/lab2_xlslice_0_1.xci"/>
        <Attr Name="ImportTime" Val="1529439636"/>
        <Attr Name="UsedIn" Val="synthesis"/>
        <Attr Name="UsedIn" Val="implementation"/>
        <Attr Name="UsedIn" Val="simulation"/>
        <Attr Name="ProcessingOrder" Val="EARLY"/>
      </FileInfo>
    </File>
    <Config>
      <Option Name="TopModule" Val="lab2_xlslice_0_1"/>
      <Option Name="UseBlackboxStub" Val="1"/>
    </Config>
  </FileSet>
  <FileSet Name="constrs_in" Type="BlockSrcs" RelSrcDir="$PSRCDIR/lab2_xlslice_0_1">
    <File Path="$PSRCDIR/sources_1/bd/lab2/ip/lab2_xlslice_0_1/lab2_xlslice_0_1.xci">
      <FileInfo>
        <Attr Name="Library" Val="xil_defaultlib"/>
        <Attr Name="ImportPath" Val="$PPRDIR/../../../../../../../../Documents/School/ECE 445 Lab/Lab2/Lab2.srcs/sources_1/bd/lab2/ip/lab2_xlslice_0_1/lab2_xlslice_0_1.xci"/>
        <Attr Name="ImportTime" Val="1529439636"/>
        <Attr Name="UsedIn" Val="synthesis"/>
        <Attr Name="UsedIn" Val="implementation"/>
        <Attr Name="UsedIn" Val="simulation"/>
        <Attr Name="ProcessingOrder" Val="EARLY"/>
      </FileInfo>
    </File>
    <Config>
      <Option Name="TopModule" Val="lab2_xlslice_0_1"/>
      <Option Name="UseBlackboxStub" Val="1"/>
    </Config>
  </FileSet>
  <Strategy Version="1" Minor="2">
    <StratHandle Name="Vivado Synthesis Defaults" Flow="Vivado Synthesis 2018"/>
    <Step Id="synth_design"/>
  </Strategy>
</GenRun>
