<?xml version="1.0" encoding="UTF-8"?>
<GenRun Id="lab4_xlslice_0_2_synth_1" LaunchPart="xc7a35tcpg236-3" LaunchTime="1531256763">
  <File Type="PA-TCL" Name="lab4_xlslice_0_2.tcl"/>
  <File Type="REPORTS-TCL" Name="lab4_xlslice_0_2_reports.tcl"/>
  <File Type="RDS-RDS" Name="lab4_xlslice_0_2.vds"/>
  <File Type="RDS-UTIL" Name="lab4_xlslice_0_2_utilization_synth.rpt"/>
  <File Type="RDS-UTIL-PB" Name="lab4_xlslice_0_2_utilization_synth.pb"/>
  <File Type="RDS-DCP" Name="lab4_xlslice_0_2.dcp"/>
  <FileSet Name="sources" Type="BlockSrcs" RelSrcDir="$PSRCDIR/lab4_xlslice_0_2">
    <File Path="$PSRCDIR/sources_1/bd/lab4/ip/lab4_xlslice_0_2/lab4_xlslice_0_2.xci">
      <FileInfo>
        <Attr Name="Library" Val="xil_defaultlib"/>
        <Attr Name="ImportPath" Val="$PPRDIR/../../../../../../../../Lab 4/Lab 4.srcs/sources_1/bd/lab4/ip/lab4_xlslice_0_2/lab4_xlslice_0_2.xci"/>
        <Attr Name="ImportTime" Val="1530828805"/>
        <Attr Name="UsedIn" Val="synthesis"/>
        <Attr Name="UsedIn" Val="implementation"/>
        <Attr Name="UsedIn" Val="simulation"/>
        <Attr Name="ProcessingOrder" Val="EARLY"/>
      </FileInfo>
    </File>
    <Config>
      <Option Name="TopModule" Val="lab4_xlslice_0_2"/>
      <Option Name="UseBlackboxStub" Val="1"/>
    </Config>
  </FileSet>
  <FileSet Name="constrs_in" Type="BlockSrcs" RelSrcDir="$PSRCDIR/lab4_xlslice_0_2">
    <File Path="$PSRCDIR/sources_1/bd/lab4/ip/lab4_xlslice_0_2/lab4_xlslice_0_2.xci">
      <FileInfo>
        <Attr Name="Library" Val="xil_defaultlib"/>
        <Attr Name="ImportPath" Val="$PPRDIR/../../../../../../../../Lab 4/Lab 4.srcs/sources_1/bd/lab4/ip/lab4_xlslice_0_2/lab4_xlslice_0_2.xci"/>
        <Attr Name="ImportTime" Val="1530828805"/>
        <Attr Name="UsedIn" Val="synthesis"/>
        <Attr Name="UsedIn" Val="implementation"/>
        <Attr Name="UsedIn" Val="simulation"/>
        <Attr Name="ProcessingOrder" Val="EARLY"/>
      </FileInfo>
    </File>
    <Config>
      <Option Name="TopModule" Val="lab4_xlslice_0_2"/>
      <Option Name="UseBlackboxStub" Val="1"/>
    </Config>
  </FileSet>
  <Strategy Version="1" Minor="2">
    <StratHandle Name="Vivado Synthesis Defaults" Flow="Vivado Synthesis 2018"/>
    <Step Id="synth_design"/>
  </Strategy>
</GenRun>
