<?xml version="1.0" encoding="UTF-8"?>
<GenRun Id="lab4_mux2x15bit_0_0_synth_1" LaunchPart="xc7a35tcpg236-3" LaunchTime="1531256780">
  <File Type="PA-TCL" Name="lab4_mux2x15bit_0_0.tcl"/>
  <File Type="REPORTS-TCL" Name="lab4_mux2x15bit_0_0_reports.tcl"/>
  <File Type="RDS-RDS" Name="lab4_mux2x15bit_0_0.vds"/>
  <File Type="RDS-UTIL" Name="lab4_mux2x15bit_0_0_utilization_synth.rpt"/>
  <File Type="RDS-UTIL-PB" Name="lab4_mux2x15bit_0_0_utilization_synth.pb"/>
  <File Type="RDS-DCP" Name="lab4_mux2x15bit_0_0.dcp"/>
  <FileSet Name="sources" Type="BlockSrcs" RelSrcDir="$PSRCDIR/lab4_mux2x15bit_0_0">
    <File Path="$PSRCDIR/sources_1/bd/lab4/ip/lab4_mux2x15bit_0_0/lab4_mux2x15bit_0_0.xci">
      <FileInfo>
        <Attr Name="Library" Val="xil_defaultlib"/>
        <Attr Name="ImportPath" Val="$PPRDIR/../../../../../../../../Lab 4/Lab 4.srcs/sources_1/bd/lab4/ip/lab4_mux2x15bit_0_0/lab4_mux2x15bit_0_0.xci"/>
        <Attr Name="ImportTime" Val="1531256628"/>
        <Attr Name="UsedIn" Val="synthesis"/>
        <Attr Name="UsedIn" Val="implementation"/>
        <Attr Name="UsedIn" Val="simulation"/>
        <Attr Name="ProcessingOrder" Val="EARLY"/>
      </FileInfo>
    </File>
    <Config>
      <Option Name="TopModule" Val="lab4_mux2x15bit_0_0"/>
      <Option Name="UseBlackboxStub" Val="1"/>
    </Config>
  </FileSet>
  <FileSet Name="constrs_in" Type="BlockSrcs" RelSrcDir="$PSRCDIR/lab4_mux2x15bit_0_0">
    <File Path="$PSRCDIR/sources_1/bd/lab4/ip/lab4_mux2x15bit_0_0/lab4_mux2x15bit_0_0.xci">
      <FileInfo>
        <Attr Name="Library" Val="xil_defaultlib"/>
        <Attr Name="ImportPath" Val="$PPRDIR/../../../../../../../../Lab 4/Lab 4.srcs/sources_1/bd/lab4/ip/lab4_mux2x15bit_0_0/lab4_mux2x15bit_0_0.xci"/>
        <Attr Name="ImportTime" Val="1531256628"/>
        <Attr Name="UsedIn" Val="synthesis"/>
        <Attr Name="UsedIn" Val="implementation"/>
        <Attr Name="UsedIn" Val="simulation"/>
        <Attr Name="ProcessingOrder" Val="EARLY"/>
      </FileInfo>
    </File>
    <Config>
      <Option Name="TopModule" Val="lab4_mux2x15bit_0_0"/>
      <Option Name="UseBlackboxStub" Val="1"/>
    </Config>
  </FileSet>
  <Strategy Version="1" Minor="2">
    <StratHandle Name="Vivado Synthesis Defaults" Flow="Vivado Synthesis 2018"/>
    <Step Id="synth_design"/>
  </Strategy>
</GenRun>
